Trap_pair,Buoy_number,Bait_type,Date_set,Time_set,SST_set,Date_retrieved,Time_retrieved,Deployment_nights,Deployment_time_hours,SST_retrieved,Lobster,Num_short,Num_legalsize,Num_Vnotch,Num_egged,Total_crab,Rock_crab,Green_crab,Bait remaining,Notes
S-A,S16,100F,6/13,600,55,6/16,1000,3,72,65,2,2,0,0,0,0,0,0,90,
S-A,S15,HERRING,6/13,600,55,6/16,1000,3,72,65,3,1,1,1,0,1,1,0,90,
S-B,S17,HERRING,6/13,600,55,6/16,1000,3,72,65,0,0,0,0,0,15,12,3,0,
S-B,S18,100F,6/13,600,55,6/16,1000,3,72,65,NA,NA,NA,NA,NA,NA,NA,NA,NA,STUCK
S-C,S11,HERRING,6/13,600,55,6/16,1000,3,72,65,0,0,0,0,0,8,8,0,5,
S-C,S12,100F,6/13,600,55,6/16,1000,3,72,65,0,0,0,0,0,0,0,0,75,
S-D,S13,HERRING,6/13,600,55,6/16,1000,3,72,65,0,0,0,0,0,0,0,0,5,1 skate
S-D,S14,100F,6/13,600,55,6/16,1000,3,72,65,0,0,0,0,0,13,13,0,5,
S-E,S7,HERRING,6/13,600,55,6/16,1000,3,72,65,3,1,1,1,0,17,17,0,5,
S-E,S8,100F,6/13,600,55,6/16,1000,3,72,65,1,0,1,0,0,11,11,0,0,
S-F,S9,HERRING,6/13,600,55,6/16,1000,3,72,65,0,0,0,0,0,0,0,0,90,1 Cunner
S-F,S10,50:50:00,6/13,600,55,6/16,1000,3,72,65,3,3,0,0,0,0,0,0,80,
S-G,S3,HERRING,6/13,600,55,6/16,1000,3,72,65,3,1,1,1,0,1,1,0,90,
S-G,S4,50:50:00,6/13,600,55,6/16,1000,3,72,65,1,1,0,0,0,0,0,0,90,
S-H,S19,HERRING,6/13,600,55,6/16,1000,3,72,65,0,0,0,0,0,11,11,0,5,
S-H,S20,50:50:00,6/13,600,55,6/16,1000,3,72,65,0,0,0,0,0,6,6,0,0,
N-A,N9,50:50:00,6/13,600,55,6/16,1000,3,72,65,2,1,1,0,0,9,9,0,25,
N-A,N5,HERRING,6/13,600,55,6/16,1000,3,72,65,5,4,1,0,0,7,0,0,5,
S-I,S22,50:50:00,6/13,600,55,6/16,1000,3,72,65,3,3,0,0,0,0,0,0,10,1 windowpane
S-I,S21,HERRING,6/13,600,55,6/16,1000,3,72,65,3,3,0,0,0,0,0,0,50,
S-A,S16,HERRING,6/16,1000,65,6/20,1400,4,96,63,4,3,1,0,0,0,0,0,50,
S-A,S15,50:50:00,6/16,1000,65,6/20,1400,4,96,63,3,3,0,0,0,0,0,0,80,
S-B,S17,50:50:00,6/16,1000,65,6/20,1400,4,96,63,4,2,2,0,0,3,3,0,25,
S-B,S18,NA,6/16,1000,65,6/20,1400,4,96,63,2,2,0,0,0,10,10,0,0,
S-C,S11,100F,6/16,1000,65,6/20,1400,4,96,63,1,1,0,0,0,1,1,0,0,1 urchin
S-C,S12,HERRING,6/16,1000,65,6/20,1400,4,96,63,4,3,1,0,0,0,0,0,5,
S-D,S13,50:50:00,6/16,1000,65,6/20,1400,4,96,63,2,1,1,0,0,0,0,0,50,
S-D,S14,HERRING,6/16,1000,65,6/20,1400,4,96,63,4,3,1,0,0,5,5,0,5,
S-E,S7,50:50:00,6/16,1000,65,6/20,1400,4,96,63,2,2,0,0,0,12,12,0,50,1 hermit crab; 1 black sea bass
S-E,S8,HERRING,6/16,1000,65,6/20,1400,4,96,63,1,1,0,0,0,10,10,0,5,1 black sea bass
S-F,S9,100F,6/16,1000,65,6/20,1400,4,96,63,0,0,0,0,0,0,0,0,100,
S-F,S10,HERRING,6/16,1000,65,6/20,1400,4,96,63,4,3,1,0,0,1,1,0,25,1 ocean pout
S-G,S3,50:50:00,6/16,1000,65,6/20,1400,4,96,63,1,1,0,0,0,1,1,0,80,
S-G,S4,HERRING,6/16,1000,65,6/20,1400,4,96,63,NA,NA,NA,NA,NA,NA,NA,NA,NA,Stuck
S-H,S19,100F,6/16,1000,65,6/20,1400,4,96,63,1,1,0,0,0,5,5,0,5,
S-H,S20,HERRING,6/16,1000,65,6/20,1400,4,96,63,2,1,1,0,0,4,4,0,5,
N-A,N9,HERRING,6/16,1000,65,6/20,1400,4,96,63,3,3,0,0,0,3,3,0,10,
N-A,N5,100F,6/16,1000,65,6/20,1400,4,96,63,3,2,1,0,0,6,6,0,10,3 window pane
S-I,S22,HERRING,6/16,1000,65,6/20,1400,4,96,63,7,6,1,0,0,3,3,0,50,
S-I,S21,50:50:00,6/16,1000,65,6/20,1400,4,96,63,3,3,0,0,0,0,0,0,80,1 cunner
S-J,S1,100T,6/16,1000,65,6/20,1400,4,96,63,1,0,1,0,0,0,0,0,90,lobster was dead (new molt) and the urchins were eating it
S-J,S2,HERRING,6/16,1000,65,6/20,1400,4,96,63,0,0,0,0,0,1,1,0,NA,1 cunner; 12 urchins
S-K,S5,100T,6/16,1000,65,6/20,1400,4,96,63,0,0,0,0,0,1,1,0,90,
S-K,S6,HERRING,6/16,1000,65,6/20,1400,4,96,63,1,1,0,0,0,0,0,0,5,
N-B,N0,HERRING,6/16,1000,65,6/20,1400,4,96,63,3,2,1,0,0,0,0,0,10,4 cunner; 1 short lobster dead (new molt)
N-B,N1,100T,6/16,1000,65,6/20,1400,4,96,63,0,0,0,0,0,0,0,0,80,4 cunner
N-C,N2,100T,6/16,1000,65,6/20,1400,4,96,63,3,3,0,0,0,0,0,0,90,
N-C,N8,HERRING,6/16,1000,65,6/20,1400,4,96,63,5,4,1,0,0,13,13,0,5,
N-D,N6,HERRING,6/16,1000,65,6/20,1400,4,96,63,3,0,0,2,1,0,0,0,10,
N-D,N7,100T,6/16,1000,65,6/20,1400,4,96,63,1,1,0,0,0,1,1,0,80,
S-A,S16,100T,6/20,1400,63,6/23,,3,72,,0,0,0,0,0,0,0,0,100,1 flounder
S-A,S15,HERRING,6/20,1400,63,6/23,,3,72,,2,2,0,0,0,0,0,0,75,
S-B,S17,HERRING,6/20,1400,63,6/23,,3,72,,1,1,0,0,0,11,10,1,50,
S-B,S18,100T,6/20,1400,63,6/23,,3,72,,2,2,0,0,0,14,12,2,80,1 BSB; 1 spider crab
S-C,S11,HERRING,6/20,1400,63,6/23,,3,72,,1,0,1,0,0,2,2,0,10,1 skate
S-C,S12,50:50:00,6/20,1400,63,6/23,,3,72,,1,1,0,0,0,3,3,0,20,
S-D,S13,50:50:00,6/20,1400,63,6/23,,3,72,,0,0,0,0,0,0,0,0,60,
S-D,S14,50:50:00,6/20,1400,63,6/23,,3,72,,2,2,0,0,0,5,5,0,80,1 BSB
S-E,S7,HERRING,6/20,1400,63,6/23,,3,72,,1,1,0,0,0,16,16,0,20,1 hermit crab
S-E,S8,HERRING,6/20,1400,63,6/23,,3,72,,3,2,0,1,0,12,12,0,5,
S-F,S9,HERRING,6/20,1400,63,6/23,,3,72,,4,3,1,0,0,0,0,0,50,
S-F,S10,50:50:00,6/20,1400,63,6/23,,3,72,,0,0,0,0,0,0,0,0,90,
S-G,S3,HERRING,6/20,1400,63,6/23,,3,72,,1,1,0,0,0,0,0,0,50,1 spider crab;
S-G,S4,HERRING,6/20,1400,63,6/23,,3,72,,2,1,0,1,0,1,1,0,50,
S-H,S19,HERRING,6/20,1400,63,6/23,,3,72,,3,3,0,0,0,6,6,0,5,
S-H,S20,100T,6/20,1400,63,6/23,,3,72,,1,0,1,0,0,11,11,0,75,2 hermit crab
N-A,N9,100T,6/20,1400,63,6/23,,3,72,,2,2,0,0,0,5,5,0,80,
N-A,N5,HERRING,6/20,1400,63,6/23,,3,72,,4,3,1,0,0,16,16,0,5,
S-I,S22,50:50:00,6/20,1400,63,6/23,,3,72,,1,1,0,0,0,0,0,0,90,
S-I,S21,HERRING,6/20,1400,63,6/23,,3,72,,13,10,0,2,1,4,4,0,50,
S-J,S1,HERRING,6/20,1400,63,6/23,,3,72,,6,6,0,0,0,0,0,0,40,2 cunner; 1 BSB; 2 urchin
S-J,S2,100F,6/20,1400,63,6/23,,3,72,,0,0,0,0,0,0,0,0,30,4 urchin; 1 cunner
S-K,S5,HERRING,6/20,1400,63,6/23,,3,72,,0,0,0,0,0,1,1,0,10,
S-K,S6,100F,6/20,1400,63,6/23,,3,72,,0,0,0,0,0,0,0,0,50,
N-B,N0,100F,6/20,1400,63,6/23,,3,72,,1,0,1,0,0,0,0,0,50,3 cunner
N-B,N1,HERRING,6/20,1400,63,6/23,,3,72,,1,1,0,0,0,0,0,0,5,2 urchin; 1 cunner
N-C,N2,HERRING,6/20,1400,63,6/23,,3,72,,7,3,3,1,0,6,6,0,5,
N-C,N8,100F,6/20,1400,63,6/23,,3,72,,0,0,0,0,0,5,5,0,80,
N-D,N6,100F,6/20,1400,63,6/23,,3,72,,1,1,0,0,0,1,1,0,90,
N-D,N7,HERRING,6/20,1400,63,6/23,,3,72,,4,4,0,0,0,0,0,0,30,1 cunner
S-A,S16,HERRING,6/23,,,6/27,830,4,96,63,7,5,2,0,0,3,3,0,20,
S-A,S15,50:50:00,6/23,,,6/27,830,4,96,63,1,0,1,0,0,0,0,0,90,
S-B,S17,50:50:00,6/23,,,6/27,830,4,96,63,0,0,0,0,0,8,4,4,0,
S-B,S18,HERRING,6/23,,,6/27,830,4,96,63,3,3,0,0,0,6,3,3,5,
S-C,S11,100T,6/23,,,6/27,830,4,96,63,2,1,1,0,0,3,2,1,90,
S-C,S12,HERRING,6/23,,,6/27,830,4,96,63,2,2,0,0,0,6,6,0,5,
S-D,S13,HERRING,6/23,,,6/27,830,4,96,63,,,,,,,,,,MISSING VENT BLOCK
S-D,S14,100T,6/23,,,6/27,830,4,96,63,1,1,0,0,0,4,3,1,90,
S-E,S7,HERRING,6/23,,,6/27,830,4,96,63,1,1,0,0,0,25,25,0,5,
S-E,S8,50:50:00,6/23,,,6/27,830,4,96,63,2,2,0,0,0,4,4,0,40,
S-F,S9,100F,6/23,,,6/27,830,4,96,63,0,0,0,0,0,2,2,0,90,
S-F,S10,HERRING,6/23,,,6/27,830,4,96,63,1,0,0,1,0,0,0,0,50,
S-G,S3,100F,6/23,,,6/27,830,4,96,63,0,0,0,0,0,4,4,0,75,
S-G,S4,HERRING,6/23,,,6/27,830,4,96,63,2,1,1,0,0,2,2,0,50,
S-H,S19,100T,6/23,,,6/27,830,4,96,63,2,2,0,0,0,3,3,0,90,
S-H,S20,HERRING,6/23,,,6/27,830,4,96,63,0,0,0,0,0,8,8,0,5,1 skate
N-A,N9,HERRING,6/23,,,6/27,830,4,96,63,6,5,0,1,0,9,9,0,25,
N-A,N5,100F,6/23,,,6/27,830,4,96,63,4,4,0,0,0,2,2,0,50,
S-I,S22,HERRING,6/23,,,6/27,830,4,96,63,7,5,1,1,0,1,1,0,50,1 skate
S-I,S21,100F,6/23,,,6/27,830,4,96,63,5,5,0,0,0,0,0,0,50,
S-J,S1,100T,6/23,,,6/27,830,4,96,63,2,2,0,0,0,0,0,0,100,1 cunner
S-J,S2,HERRING,6/23,,,6/27,830,4,96,63,1,1,0,0,0,0,0,0,50,3 cunner; 15 urchin
S-K,S5,50:50:00,6/23,,,6/27,830,4,96,63,0,0,0,0,0,0,0,0,90,
S-K,S6,HERRING,6/23,,,6/27,830,4,96,63,1,0,1,0,0,1,1,0,50,
N-B,N0,HERRING,6/23,,,6/27,830,4,96,63,4,3,0,1,0,1,1,0,50,1 BSB
N-B,N1,50:50:00,6/23,,,6/27,830,4,96,63,0,0,0,0,0,0,0,0,5,3 cunner
N-C,N2,100T,6/23,,,6/27,830,4,96,63,6,6,0,0,0,2,2,0,100,
N-C,N8,HERRING,6/23,,,6/27,830,4,96,63,5,2,2,0,2,5,5,0,50,
N-D,N6,HERRING,6/23,,,6/27,830,4,96,63,5,4,0,1,0,1,1,0,90,
N-D,N7,100F,6/23,,,6/27,830,4,96,63,0,0,0,0,0,0,0,0,90,
S-A,S16,50:50:00,6/27,830,63,6/30,900,3,72,65,3,3,0,0,0,5,5,0,25,
S-A,S15,HERRING,6/27,830,63,6/30,900,3,72,65,3,2,1,0,0,7,7,0,5,
S-B,S17,HERRING,6/27,830,63,6/30,900,3,72,65,0,0,0,0,0,6,6,0,0,
S-B,S18,50:50:00,6/27,830,63,6/30,900,3,72,65,3,3,0,0,0,2,2,0,25,
S-C,S11,HERRING,6/27,830,63,6/30,900,3,72,65,4,4,0,0,0,21,20,1,10,1 skate
S-C,S12,100T,6/27,830,63,6/30,900,3,72,65,2,2,0,0,0,5,5,0,75,
S-D,S13,NA,6/27,830,63,6/30,900,3,72,65,,,,,,,,,,MISSING VENT
S-D,S14,HERRING,6/27,830,63,6/30,900,3,72,65,2,2,0,0,0,14,12,2,10,
S-E,S7,100T,6/27,830,63,6/30,900,3,72,65,,,,,,,,,,STUCK
S-E,S8,HERRING,6/27,830,63,6/30,900,3,72,65,2,2,0,0,0,13,13,0,50,
S-F,S9,HERRING,6/27,830,63,6/30,900,3,72,65,0,0,0,0,0,1,1,0,75,
S-F,S10,50:50:00,6/27,830,63,6/30,900,3,72,65,2,2,0,0,0,0,0,0,75,
S-G,S3,HERRING,6/27,830,63,6/30,900,3,72,65,0,0,0,0,0,1,1,0,75,
S-G,S4,100F,6/27,830,63,6/30,900,3,72,65,1,0,1,0,0,0,0,0,50,
S-H,S19,HERRING,6/27,830,63,6/30,900,3,72,65,4,4,0,0,0,10,10,0,5,
S-H,S20,100T,6/27,830,63,6/30,900,3,72,65,2,2,0,0,0,6,6,0,50,
N-A,N9,HERRING,6/27,830,63,6/30,900,3,72,65,8,8,0,0,0,16,16,0,75,1 hermit crab
N-A,N5,HERRING,6/27,830,63,6/30,900,3,72,65,5,4,1,0,0,17,17,0,75,
S-I,S22,100T,6/27,830,63,6/30,900,3,72,65,1,1,0,0,0,0,0,0,90,
S-I,S21,HERRING,6/27,830,63,6/30,900,3,72,65,5,3,1,1,0,0,0,0,25,
S-J,S1,HERRING,6/27,830,63,6/30,900,3,72,65,2,2,0,0,0,1,1,0,10,1 cunner
S-J,S2,HERRING,6/27,830,63,6/30,900,3,72,65,1,1,0,0,0,0,0,0,25,1 cunner
S-K,S5,HERRING,6/27,830,63,6/30,900,3,72,65,4,3,1,0,0,1,1,0,10,
S-K,S6,HERRING,6/27,830,63,6/30,900,3,72,65,1,1,0,0,0,1,1,0,25,
N-B,N0,HERRING,6/27,830,63,6/30,900,3,72,65,3,2,0,1,0,6,6,0,75,
N-B,N1,HERRING,6/27,830,63,6/30,900,3,72,65,6,6,0,0,0,3,3,0,50,
N-C,N2,HERRING,6/27,830,63,6/30,900,3,72,65,9,9,0,0,0,2,2,0,75,
N-C,N8,HERRING,6/27,830,63,6/30,900,3,72,65,4,4,0,0,0,2,2,0,80,
N-D,N6,HERRING,6/27,830,63,6/30,900,3,72,65,3,3,0,0,0,9,9,0,25,
N-D,N7,HERRING,6/27,830,63,6/30,900,3,72,65,3,2,0,1,0,1,1,0,75,
S-A,S16,HERRING,6/30,900,65,7/4,1200,4,96,66.5,5,3,2,0,0,4,3,1,25,
S-A,S15,100F,6/30,900,65,7/4,1200,4,96,66.5,2,2,0,0,0,0,0,0,75,
S-B,S17,50:50:00,6/30,900,65,7/4,1200,4,96,66.5,6,6,0,0,0,3,3,0,25,
S-B,S18,HERRING,6/30,900,65,7/4,1200,4,96,66.5,4,3,1,0,1,16,15,1,10,
S-C,S11,100T,6/30,900,65,7/4,1200,4,96,66.5,5,3,2,0,0,4,4,0,90,
S-C,S12,HERRING,6/30,900,65,7/4,1200,4,96,66.5,7,6,1,0,0,3,3,0,10,
S-D,S13,HERRING,6/30,900,65,7/4,1200,4,96,66.5,1,1,0,0,0,0,0,0,25,1 skate
S-D,S14,50:50:00,6/30,900,65,7/4,1200,4,96,66.5,3,3,0,0,0,0,0,0,25,
S-E,S7,NA,6/30,900,65,7/4,1200,4,96,66.5,3,2,1,0,0,13,12,0,75,
S-E,S8,100T,6/30,900,65,7/4,1200,4,96,66.5,3,2,1,0,0,6,6,0,75,
S-F,S9,50:50:00,6/30,900,65,7/4,1200,4,96,66.5,3,3,0,0,0,0,0,0,25,
S-F,S10,HERRING,6/30,900,65,7/4,1200,4,96,66.5,2,1,1,0,0,2,2,0,5,
S-G,S3,HERRING,6/30,900,65,7/4,1200,4,96,66.5,2,0,2,0,0,0,0,0,10,
S-G,S4,100T,6/30,900,65,7/4,1200,4,96,66.5,2,0,1,1,0,2,2,0,90,1 cunner
S-H,S19,HERRING,6/30,900,65,7/4,1200,4,96,66.5,6,5,1,0,0,7,7,0,25,
S-H,S20,HERRING,6/30,900,65,7/4,1200,4,96,66.5,3,2,1,0,0,6,6,0,5,
N-A,N9,50:50:00,6/30,900,65,7/4,1200,4,96,66.5,1,0,1,0,0,5,5,0,0,
N-A,N5,HERRING,6/30,900,65,7/4,1200,4,96,66.5,6,5,1,0,0,13,13,0,10,
S-I,S22,HERRING,6/30,900,65,7/4,1200,4,96,66.5,3,2,0,1,0,1,1,0,10,
S-I,S21,50:50:00,6/30,900,65,7/4,1200,4,96,66.5,2,2,0,0,0,1,1,0,25,
S-J,S1,100F,6/30,900,65,7/4,1200,4,96,66.5,0,0,0,0,0,0,0,0,90,
S-J,S2,HERRING,6/30,900,65,7/4,1200,4,96,66.5,4,3,0,0,0,0,0,0,5,9 urchins
S-K,S5,HERRING,6/30,900,65,7/4,1200,4,96,66.5,3,2,0,1,0,0,0,0,5,1 cunner
S-K,S6,100F,6/30,900,65,7/4,1200,4,96,66.5,2,2,0,0,0,0,0,0,90,
N-B,N0,HERRING,6/30,900,65,7/4,1200,4,96,66.5,8,4,3,1,0,0,0,0,25,
N-B,N1,50:50:00,6/30,900,65,7/4,1200,4,96,66.5,1,1,0,0,0,1,1,0,50,
N-C,N2,HERRING,6/30,900,65,7/4,1200,4,96,66.5,17,13,4,0,0,1,1,0,10,
N-C,N8,50:50:00,6/30,900,65,7/4,1200,4,96,66.5,3,2,1,0,0,2,2,0,50,2 cunner
N-D,N6,HERRING,6/30,900,65,7/4,1200,4,96,66.5,8,7,1,0,0,7,7,0,50,
N-D,N7,50:50:00,6/30,900,65,7/4,1200,4,96,66.5,5,3,1,0,1,3,3,0,50,
S-A,S16,50:50:00,7/4,1200,66.5,7/7,730,3,72,66.5,1,0,1,0,0,0,0,0,25,
S-A,S15,HERRING,7/4,1200,66.5,7/7,730,3,72,66.5,4,4,0,0,0,0,0,0,25,
S-B,S17,HERRING,7/4,1200,66.5,7/7,730,3,72,66.5,2,1,1,0,0,11,11,0,25,1 spider
S-B,S18,100F,7/4,1200,66.5,7/7,730,3,72,66.5,2,1,1,0,0,1,1,0,25,
S-C,S11,HERRING,7/4,1200,66.5,7/7,730,3,72,66.5,8,7,1,0,0,5,5,0,25,
S-C,S12,100T,7/4,1200,66.5,7/7,730,3,72,66.5,6,6,0,0,0,5,5,0,80,
S-D,S13,50:50:00,7/4,1200,66.5,7/7,730,3,72,66.5,0,0,0,0,0,0,0,0,50,
S-D,S14,HERRING,7/4,1200,66.5,7/7,730,3,72,66.5,4,3,1,0,0,1,1,0,75,
S-E,S7,100T,7/4,1200,66.5,7/7,730,3,72,66.5,3,3,0,0,0,5,5,0,90,1 BSB
S-E,S8,HERRING,7/4,1200,66.5,7/7,730,3,72,66.5,2,2,0,0,0,10,10,0,5,
S-F,S9,HERRING,7/4,1200,66.5,7/7,730,3,72,66.5,,,,,,,,,,STUCK
S-F,S10,50:50:00,7/4,1200,66.5,7/7,730,3,72,66.5,1,1,0,0,0,0,0,0,90,
S-G,S3,100F,7/4,1200,66.5,7/7,730,3,72,66.5,1,1,0,0,0,1,1,0,90,
S-G,S4,HERRING,7/4,1200,66.5,7/7,730,3,72,66.5,3,2,0,1,0,1,1,0,10,
S-H,S19,50:50:00,7/4,1200,66.5,7/7,730,3,72,66.5,1,1,0,0,0,6,6,0,5,
S-H,S20,HERRING,7/4,1200,66.5,7/7,730,3,72,66.5,0,0,0,0,0,4,4,0,5,1 BSB
N-A,N9,HERRING,7/4,1200,66.5,7/7,730,3,72,66.5,8,8,0,0,0,2,2,0,10,
N-A,N5,50:50:00,7/4,1200,66.5,7/7,730,3,72,66.5,3,3,0,0,0,4,0,0,25,
S-I,S22,50:50:00,7/4,1200,66.5,7/7,730,3,72,66.5,1,1,0,0,0,0,0,0,25,
S-I,S21,HERRING,7/4,1200,66.5,7/7,730,3,72,66.5,1,1,0,0,0,0,0,0,5,1 flounder
S-J,S1,HERRING,7/4,1200,66.5,7/7,730,3,72,66.5,3,2,1,0,0,0,0,0,25,1 cunner; 12 urchin
S-J,S2,50:50:00,7/4,1200,66.5,7/7,730,3,72,66.5,1,1,0,0,0,0,0,0,90,5 sea stars; 6 urchin
S-K,S5,100T,7/4,1200,66.5,7/7,730,3,72,66.5,3,3,0,0,0,0,0,0,90,
S-K,S6,HERRING,7/4,1200,66.5,7/7,730,3,72,66.5,,,,,,,,,,STUCK
N-B,N0,100F,7/4,1200,66.5,7/7,730,3,72,66.5,2,1,1,0,0,1,1,0,25,1 cunner
N-B,N1,HERRING,7/4,1200,66.5,7/7,730,3,72,66.5,5,5,0,0,0,0,0,0,25,
N-C,N2,50:50:00,7/4,1200,66.5,7/7,730,3,72,66.5,5,4,1,0,0,0,0,0,50,
N-C,N8,HERRING,7/4,1200,66.5,7/7,730,3,72,66.5,2,2,0,0,0,0,0,0,75,
N-D,N6,50:50:00,7/4,1200,66.5,7/7,730,3,72,66.5,,,,,,,,,,STUCK
N-D,N7,HERRING,7/4,1200,66.5,7/7,730,3,72,66.5,11,10,1,0,0,5,5,0,25,
S-A,S16,HERRING,7/7,730,66.5,7/11,930,4,96,65,4,3,1,0,0,0,0,0,50,
S-A,S15,100T,7/7,730,66.5,7/11,930,4,96,65,,,,,,,,,,LOST
S-B,S17,50:50:00,7/7,730,66.5,7/11,930,4,96,65,2,2,0,0,0,0,0,0,50,
S-B,S18,HERRING,7/7,730,66.5,7/11,930,4,96,65,5,5,0,0,0,2,2,0,50,
S-C,S11,100T,7/7,730,66.5,7/11,930,4,96,65,6,6,0,0,0,5,5,0,75,
S-C,S12,HERRING,7/7,730,66.5,7/11,930,4,96,65,4,4,0,0,0,11,11,0,5,
S-D,S13,HERRING,7/7,730,66.5,7/11,930,4,96,65,11,11,0,0,0,2,2,0,50,
S-D,S14,50:50:00,7/7,730,66.5,7/11,930,4,96,65,2,2,0,0,0,2,2,0,75,UBTI - 001 - 20657091; deployed 7/11
S-E,S7,HERRING,7/7,730,66.5,7/11,930,4,96,65,3,3,0,0,0,7,7,0,15,
S-E,S8,100T,7/7,730,66.5,7/11,930,4,96,65,4,4,0,0,0,9,9,0,90,
S-F,S9,NA,7/7,730,66.5,7/11,930,4,96,65,4,2,1,1,0,0,0,0,0,
S-F,S10,HERRING,7/7,730,66.5,7/11,930,4,96,65,4,3,0,1,0,5,5,0,25,
S-G,S3,HERRING,7/7,730,66.5,7/11,930,4,96,65,4,2,2,0,0,2,2,0,50,
S-G,S4,50:50:00,7/7,730,66.5,7/11,930,4,96,65,2,0,2,0,0,3,3,0,80,
S-H,S19,HERRING,7/7,730,66.5,7/11,930,4,96,65,2,2,0,0,0,11,11,0,5,UTBI - 001 - MISSING SERIAL NUMBER; deployed on 7/11
S-H,S20,100F,7/7,730,66.5,7/11,930,4,96,65,2,2,0,0,0,3,3,0,50,
N-A,N9,100F,7/7,730,66.5,7/11,930,4,96,65,0,0,0,0,0,4,4,0,100,
N-A,N5,HERRING,7/7,730,66.5,7/11,930,4,96,65,5,4,1,0,0,14,14,0,10,
S-I,S22,HERRING,7/7,730,66.5,7/11,930,4,96,65,5,3,2,0,0,0,0,0,5,
S-I,S21,50:50:00,7/7,730,66.5,7/11,930,4,96,65,0,0,0,0,0,0,0,0,0,UTBI - 001 - 21299523; deployed on 7/11
S-J,S1,50:50:00,7/7,730,66.5,7/11,930,4,96,65,2,2,0,0,0,0,0,0,50,UTBI - 001 - 21339362; deployed on 7/11
S-J,S2,HERRING,7/7,730,66.5,7/11,930,4,96,65,2,0,2,0,0,0,0,0,5,
S-K,S5,HERRING,7/7,730,66.5,7/11,930,4,96,65,2,2,0,0,0,0,0,0,75,
S-K,S6,NA,7/7,730,66.5,7/11,930,4,96,65,,,,,,,,,,STUCK
N-B,N0,HERRING,7/7,730,66.5,7/11,930,4,96,65,4,3,1,0,0,3,3,0,10,
N-B,N1,50:50:00,7/7,730,66.5,7/11,930,4,96,65,5,4,0,1,0,0,0,0,10,
N-C,N2,HERRING,7/7,730,66.5,7/11,930,4,96,65,2,2,0,0,0,1,1,0,5,1 CUNNER
N-C,N8,50:50:00,7/7,730,66.5,7/11,930,4,96,65,2,2,0,0,0,0,0,0,75,
N-D,N6,NA,7/7,730,66.5,7/11,930,4,96,65,,,,,,,,,,STUCK
N-D,N7,50:50:00,7/7,730,66.5,7/11,930,4,96,65,2,1,0,1,0,0,0,0,0,1 CUNNER
S-A,S16,50:50:00,7/11,930,65,7/15,810,4,96,65,2,1,1,0,0,0,0,0,0,1 FLOUNDER
S-A,S15,NA,7/11,930,65,7/15,810,4,96,65,,,,,,,,,,LOST
S-B,S17,HERRING,7/11,930,65,7/15,810,4,96,65,6,4,2,0,0,9,9,0,25,
S-B,S18,50:50:00,7/11,930,65,7/15,810,4,96,65,4,4,0,0,0,1,1,0,0,2 SPIDERS
S-C,S11,HERRING,7/11,930,65,7/15,810,4,96,65,4,4,0,0,0,4,4,0,5,
S-C,S12,50:50:00,7/11,930,65,7/15,810,4,96,65,1,1,0,0,0,0,0,0,0,
S-D,S13,50:50:00,7/11,930,65,7/15,810,4,96,65,4,4,0,0,0,3,3,0,25,
S-D,S14,HERRING,7/11,930,65,7/15,810,4,96,65,7,6,1,0,0,2,2,0,75,
S-E,S7,50:50:00,7/11,930,65,7/15,810,4,96,65,1,1,0,0,0,4,4,0,25,
S-E,S8,HERRING,7/11,930,65,7/15,810,4,96,65,2,2,0,0,0,12,12,0,75,
S-F,S9,HERRING,7/11,930,65,7/15,810,4,96,65,0,0,0,0,0,0,0,0,90,
S-F,S10,50:50:00,7/11,930,65,7/15,810,4,96,65,2,3,0,0,0,4,4,0,0,1 SPIDER
S-G,S3,100T,7/11,930,65,7/15,810,4,96,65,2,2,0,0,0,1,1,0,90,
S-G,S4,HERRING,7/11,930,65,7/15,810,4,96,65,1,1,0,0,0,1,1,0,50,3 SEASTARS
S-H,S19,50:50:00,7/11,930,65,7/15,810,4,96,65,2,2,0,0,0,1,1,0,25,
S-H,S20,HERRING,7/11,930,65,7/15,810,4,96,65,0,0,0,0,0,2,2,0,10,1 SKATE
N-A,N9,HERRING,7/11,930,65,7/15,810,4,96,65,3,3,0,0,0,16,15,1,50,
N-A,N5,50:50:00,7/11,930,65,7/15,810,4,96,65,2,2,0,0,0,9,9,0,25,1 BSB
S-I,S22,50:50:00,7/11,930,65,7/15,810,4,96,65,3,3,0,0,0,0,0,0,0,
S-I,S21,HERRING,7/11,930,65,7/15,810,4,96,65,5,5,0,0,0,1,1,0,50,
S-J,S1,HERRING,7/11,930,65,7/15,810,4,96,65,2,2,0,0,0,0,0,0,90,1 CUNNER
S-J,S2,100T,7/11,930,65,7/15,810,4,96,65,,,,,,,,,,STUCK
S-K,S5,100T,7/11,930,65,7/15,810,4,96,65,1,1,0,0,0,0,0,0,90,
S-K,S6,NA,7/11,930,65,7/15,810,4,96,65,,,,,,,,,,STUCK
N-B,N0,100F,7/11,930,65,7/15,810,4,96,65,1,1,0,0,0,0,0,0,90,
N-B,N1,HERRING,7/11,930,65,7/15,810,4,96,65,9,6,1,2,0,0,0,0,75,
N-C,N2,100F,7/11,930,65,7/15,810,4,96,65,1,1,0,0,0,0,0,0,50,1 CUNNER
N-C,N8,HERRING,7/11,930,65,7/15,810,4,96,65,3,3,0,0,0,0,0,0,90,
N-D,N6,NA,7/11,930,65,7/15,810,4,96,65,0,0,0,0,0,0,0,0,50,1 FLOUNDER
N-D,N7,HERRING,7/11,930,65,7/15,810,4,96,65,6,4,1,1,0,0,0,0,75,
S-A,S16,HERRING,7/15,810,65,7/18,1100,3,72,67,5,3,1,1,0,1,1,0,25,
S-A,S15,NA,7/15,810,65,7/18,1100,3,72,67,,,,,,,,,,LOST
S-B,S17,50:50:00,7/15,810,65,7/18,1100,3,72,67,3,3,0,0,0,1,1,0,50,
S-B,S18,HERRING,7/15,810,65,7/18,1100,3,72,67,7,5,2,0,0,4,4,0,50,1 SPIDER
S-C,S11,50:50:00,7/15,810,65,7/18,1100,3,72,67,5,4,1,0,0,1,1,0,5,
S-C,S12,HERRING,7/15,810,65,7/18,1100,3,72,67,3,2,1,0,0,0,0,0,5,
S-D,S13,HERRING,7/15,810,65,7/18,1100,3,72,67,8,7,1,0,0,0,0,0,90,
S-D,S14,50:50:00,7/15,810,65,7/18,1100,3,72,67,2,2,0,0,0,2,2,0,90,
S-E,S7,HERRING,7/15,810,65,7/18,1100,3,72,67,1,1,0,0,0,17,17,0,50,
S-E,S8,50:50:00,7/15,810,65,7/18,1100,3,72,67,1,1,0,0,0,7,7,0,75,
S-F,S9,100T,7/15,810,65,7/18,1100,3,72,67,3,2,1,0,0,2,2,0,75,
S-F,S10,HERRING,7/15,810,65,7/18,1100,3,72,67,7,6,0,1,0,1,1,0,75,
S-G,S3,HERRING,7/15,810,65,7/18,1100,3,72,67,5,4,1,0,0,9,9,0,5,
S-G,S4,50:50:00,7/15,810,65,7/18,1100,3,72,67,0,0,0,0,0,1,1,0,75,1 CUNNER
S-H,S19,HERRING,7/15,810,65,7/18,1100,3,72,67,3,3,0,0,0,12,12,0,50,
S-H,S20,50:50:00,7/15,810,65,7/18,1100,3,72,67,1,1,0,0,0,4,4,0,5,
N-A,N9,50:50:00,7/15,810,65,7/18,1100,3,72,67,1,1,0,0,0,14,14,0,25,
N-A,N5,HERRING,7/15,810,65,7/18,1100,3,72,67,2,2,0,0,0,14,14,0,50,
S-I,S22,HERRING,7/15,810,65,7/18,1100,3,72,67,4,3,1,0,0,0,0,0,5,
S-I,S21,50:50:00,7/15,810,65,7/18,1100,3,72,67,5,5,0,0,0,3,3,0,50,
S-J,S1,50:50:00,7/15,810,65,7/18,1100,3,72,67,0,0,0,0,0,0,0,0,75,
S-J,S2,NA,7/15,810,65,7/18,1100,3,72,67,,,,,,,,,,STUCK
S-K,S5,HERRING,7/15,810,65,7/18,1100,3,72,67,4,3,1,0,0,2,2,0,50,
S-K,S6,NA,7/15,810,65,7/18,1100,3,72,67,,,,,,,,,,STUCK
N-B,N0,HERRING,7/15,810,65,7/18,1100,3,72,67,3,2,1,0,0,2,2,0,25,
N-B,N1,HERRING,7/15,810,65,7/18,1100,3,72,67,3,1,1,1,0,0,0,0,25,
N-C,N2,HERRING,7/15,810,65,7/18,1100,3,72,67,1,0,0,1,0,1,1,0,90,1 CUNNER
N-C,N8,HERRING,7/15,810,65,7/18,1100,3,72,67,1,0,1,0,0,0,0,0,90,
N-D,N6,HERRING,7/15,810,65,7/18,1100,3,72,67,6,4,0,2,0,0,0,0,25,
N-D,N7,HERRING,7/15,810,65,7/18,1100,3,72,67,7,7,0,0,0,4,4,0,25,
S-A,S16,100T,7/18,1100,67,7/21,830,3,72,67,2,2,0,0,0,0,0,0,90,
S-A,S15,NA,7/18,1100,67,7/21,830,3,72,67,,,,,,,,,,LOST
S-B,S17,HERRING,7/18,1100,67,7/21,830,3,72,67,4,3,1,0,0,1,1,0,50,
S-B,S18,100T,7/18,1100,67,7/21,830,3,72,67,4,4,0,0,0,1,1,0,90,
S-C,S11,HERRING,7/18,1100,67,7/21,830,3,72,67,4,3,1,0,0,0,0,0,50,
S-C,S12,100T,7/18,1100,67,7/21,830,3,72,67,2,2,0,0,0,1,1,0,50,
S-D,S13,100F,7/18,1100,67,7/21,830,3,72,67,2,2,0,0,0,0,0,0,90,
S-D,S14,HERRING,7/18,1100,67,7/21,830,3,72,67,7,7,0,0,0,0,0,0,90,
S-E,S7,100T,7/18,1100,67,7/21,830,3,72,67,1,1,0,0,0,14,14,0,50,
S-E,S8,HERRING,7/18,1100,67,7/21,830,3,72,67,2,2,0,0,0,10,10,0,75,
S-F,S9,HERRING,7/18,1100,67,7/21,830,3,72,67,8,7,1,0,0,3,3,0,90,
S-F,S10,100F,7/18,1100,67,7/21,830,3,72,67,2,2,0,0,0,1,1,0,75,
S-G,S3,50:50:00,7/18,1100,67,7/21,830,3,72,67,0,0,0,0,0,1,1,0,75,
S-G,S4,HERRING,7/18,1100,67,7/21,830,3,72,67,3,3,0,0,0,0,0,0,75,1 CUNNER
S-H,S19,100T,7/18,1100,67,7/21,830,3,72,67,3,3,0,0,0,10,10,0,90,
S-H,S20,HERRING,7/18,1100,67,7/21,830,3,72,67,0,0,0,0,0,10,10,0,5,
N-A,N9,HERRING,7/18,1100,67,7/21,830,3,72,67,7,6,1,0,0,0,0,0,25,
N-A,N5,100T,7/18,1100,67,7/21,830,3,72,67,1,1,0,0,0,0,0,0,50,
S-I,S22,100F,7/18,1100,67,7/21,830,3,72,67,1,1,0,0,0,1,1,0,75,
S-I,S21,HERRING,7/18,1100,67,7/21,830,3,72,67,6,6,0,0,0,2,2,0,50,
S-J,S1,HERRING,7/18,1100,67,7/21,830,3,72,67,1,1,0,0,0,3,3,0,50,
S-J,S2,NA,7/18,1100,67,7/21,830,3,72,67,2,0,1,1,0,0,0,0,90,
S-K,S5,50:50:00,7/18,1100,67,7/21,830,3,72,67,2,2,0,0,0,2,2,0,75,
S-K,S6,NA,7/18,1100,67,7/21,830,3,72,67,2,0,2,0,0,0,0,0,5,
N-B,N0,HERRING,7/18,1100,67,7/21,830,3,72,67,3,3,0,0,0,1,1,0,90,
N-B,N1,HERRING,7/18,1100,67,7/21,830,3,72,67,7,4,3,0,0,1,1,0,90,
N-C,N2,100T,7/18,1100,67,7/21,830,3,72,67,2,2,0,0,0,1,1,0,90,
N-C,N8,HERRING,7/18,1100,67,7/21,830,3,72,67,7,7,0,0,0,1,1,0,90,
N-D,N6,HERRING,7/18,1100,67,7/21,830,3,72,67,7,4,3,0,0,0,0,0,90,
N-D,N7,HERRING,7/18,1100,67,7/21,830,3,72,67,4,3,1,0,0,0,0,0,90,1 CUNNER
S-A,S16,HERRING,7/21,830,67,7/28,1030,7,168,NA,3,2,0,0,0,2,2,0,5,1 JUMBO SIZED LOBSTER
S-A,S15,NA,7/21,830,67,7/28,1030,7,168,NA,,,,,,,,,,LOST
S-B,S17,100F,7/21,830,67,7/28,1030,7,168,NA,2,1,1,0,0,0,0,0,25,
S-B,S18,HERRING,7/21,830,67,7/28,1030,7,168,NA,6,4,2,0,0,2,2,0,5,
S-C,S11,100F,7/21,830,67,7/28,1030,7,168,NA,3,2,1,0,0,1,1,0,10,
S-C,S12,HERRING,7/21,830,67,7/28,1030,7,168,NA,,,,,,,,,,STUCK
S-D,S13,HERRING,7/21,830,67,7/28,1030,7,168,NA,7,7,0,0,0,2,2,0,5,
S-D,S14,100F,7/21,830,67,7/28,1030,7,168,NA,4,4,0,0,0,0,0,0,75,
S-E,S7,HERRING,7/21,830,67,7/28,1030,7,168,NA,2,2,0,0,0,6,6,0,5,
S-E,S8,HERRING,7/21,830,67,7/28,1030,7,168,NA,3,2,1,0,0,18,18,0,10,
S-F,S9,HERRING,7/21,830,67,7/28,1030,7,168,NA,4,4,0,0,0,5,5,0,5,1 CUNNER
S-F,S10,HERRING,7/21,830,67,7/28,1030,7,168,NA,3,2,1,0,0,4,4,0,0,
S-G,S3,HERRING,7/21,830,67,7/28,1030,7,168,NA,3,1,0,0,2,8,8,0,5,
S-G,S4,HERRING,7/21,830,67,7/28,1030,7,168,NA,1,1,0,0,0,0,0,0,5,
S-H,S19,HERRING,7/21,830,67,7/28,1030,7,168,NA,2,2,0,0,0,9,9,0,5,
S-H,S20,NA,7/21,830,67,7/28,1030,7,168,NA,0,0,0,0,0,6,6,0,5,
N-A,N9,HERRING,7/21,830,67,7/28,1030,7,168,NA,4,4,0,0,0,11,11,0,5,
N-A,N5,HERRING,7/21,830,67,7/28,1030,7,168,NA,3,2,1,0,0,4,4,0,50,
S-I,S22,HERRING,7/21,830,67,7/28,1030,7,168,NA,9,8,1,0,0,2,2,0,25,
S-I,S21,HERRING,7/21,830,67,7/28,1030,7,168,NA,8,7,1,0,0,0,0,0,5,
S-J,S1,100F,7/21,830,67,7/28,1030,7,168,NA,1,1,0,0,0,1,1,0,10,
S-J,S2,HERRING,7/21,830,67,7/28,1030,7,168,NA,2,2,0,0,0,1,1,0,5,OPEN DOOR
S-K,S5,HERRING,7/21,830,67,7/28,1030,7,168,NA,2,1,1,0,0,1,1,0,5,
S-K,S6,HERRING,7/21,830,67,7/28,1030,7,168,NA,3,2,1,0,0,2,2,0,50,
N-B,N0,HERRING,7/21,830,67,7/28,1030,7,168,NA,8,6,0,2,0,4,4,0,50,
N-B,N1,HERRING,7/21,830,67,7/28,1030,7,168,NA,9,7,1,0,1,2,2,0,5,
N-C,N2,HERRING,7/21,830,67,7/28,1030,7,168,NA,7,6,0,1,0,0,0,0,0,
N-C,N8,HERRING,7/21,830,67,7/28,1030,7,168,NA,8,8,0,0,0,1,1,0,50,
N-D,N6,HERRING,7/21,830,67,7/28,1030,7,168,NA,8,6,2,0,0,2,2,0,5,
N-D,N7,HERRING,7/21,830,67,7/28,1030,7,168,NA,8,3,4,1,0,4,4,0,5,
S-A,S16,HERRING,7/28,1030,NA,8/1,900,4,96,67,4,3,1,0,0,1,1,0,10,
S-A,S15,NA,7/28,1030,NA,8/1,900,4,96,67,,,,,,,,,,Trap lost
S-B,S17,50:50:00,7/28,1030,NA,8/1,900,4,96,67,3,3,0,0,0,6,6,0,10,1 spider
S-B,S18,HERRING,7/28,1030,NA,8/1,900,4,96,67,7,5,2,0,0,4,4,0,10,
S-C,S11,HERRING,7/28,1030,NA,8/1,900,4,96,67,7,6,1,0,0,4,4,0,5,
S-C,S12,NA,7/28,1030,NA,8/1,900,4,96,67,,,,,,,,,,STUCK
S-D,S13,50:50:00,7/28,1030,NA,8/1,900,4,96,67,2,2,0,0,0,5,5,0,25,
S-D,S14,HERRING,7/28,1030,NA,8/1,900,4,96,67,9,7,2,0,0,6,6,0,50,
S-E,S7,HERRING,7/28,1030,NA,8/1,900,4,96,67,3,2,1,0,0,8,8,0,75,
S-E,S8,50:50:00,7/28,1030,NA,8/1,900,4,96,67,2,2,0,0,0,8,8,0,25,
S-F,S9,100T,7/28,1030,NA,8/1,900,4,96,67,2,2,0,0,0,9,9,0,50,
S-F,S10,HERRING,7/28,1030,NA,8/1,900,4,96,67,4,3,1,0,0,3,3,0,5,
S-G,S3,50:50:00,7/28,1030,NA,8/1,900,4,96,67,1,1,0,0,0,1,1,0,10,
S-G,S4,HERRING,7/28,1030,NA,8/1,900,4,96,67,3,1,0,1,1,2,2,0,75,
S-H,S19,50:50:00,7/28,1030,NA,8/1,900,4,96,67,2,2,0,0,0,4,4,0,50,
S-H,S20,HERRING,7/28,1030,NA,8/1,900,4,96,67,2,2,0,0,0,7,7,0,50,
N-A,N9,50:50:00,7/28,1030,NA,8/1,900,4,96,67,2,1,1,0,0,0,0,0,90,
N-A,N5,HERRING,7/28,1030,NA,8/1,900,4,96,67,8,7,0,0,1,7,7,0,50,
S-I,S22,HERRING,7/28,1030,NA,8/1,900,4,96,67,9,8,1,0,0,0,0,0,10,
S-I,S21,50:50:00,7/28,1030,NA,8/1,900,4,96,67,3,3,0,0,0,0,0,0,10,
S-J,S1,HERRING,7/28,1030,NA,8/1,900,4,96,67,4,3,0,1,0,0,0,0,25,
S-J,S2,100T,7/28,1030,NA,8/1,900,4,96,67,3,3,0,0,0,0,0,0,90,
S-K,S5,HERRING,7/28,1030,NA,8/1,900,4,96,67,,,,,,,,,,STUCK
S-K,S6,50:50:00,7/28,1030,NA,8/1,900,4,96,67,1,1,0,0,0,2,2,0,90,
N-B,N0,HERRING,7/28,1030,NA,8/1,900,4,96,67,6,3,1,2,0,2,2,0,50,
N-B,N1,50:50:00,7/28,1030,NA,8/1,900,4,96,67,2,2,0,0,0,0,0,0,90,
N-C,N2,HERRING,7/28,1030,NA,8/1,900,4,96,67,10,7,2,1,9,2,2,0,50,
N-C,N8,50:50:00,7/28,1030,NA,8/1,900,4,96,67,0,0,0,0,0,0,0,0,90,1 cunner
N-D,N6,50:50:00,7/28,1030,NA,8/1,900,4,96,67,5,4,1,0,0,0,0,0,75,
N-D,N7,HERRING,7/28,1030,NA,8/1,900,4,96,67,9,5,3,1,0,3,3,0,10,
S-A,S16,50:50:00,8/1,900,67,8/4,1600,3,72,60.6,3,3,0,0,0,1,1,0,90,
S-A,S15,NA,8/1,900,67,8/4,1600,3,72,60.6,,,,,,,,,,LOST
S-B,S17,HERRING,8/1,900,67,8/4,1600,3,72,60.6,4,4,0,0,0,2,2,0,75,1 WINDOW PANE
S-B,S18,50:50:00,8/1,900,67,8/4,1600,3,72,60.6,2,2,0,0,0,4,4,0,75,1 SPIDER
S-C,S11,50:50:00,8/1,900,67,8/4,1600,3,72,60.6,5,5,0,0,0,3,3,0,75,
S-C,S12,NA,8/1,900,67,8/4,1600,3,72,60.6,,,,,,,,,,STUCK
S-D,S13,HERRING,8/1,900,67,8/4,1600,3,72,60.6,9,9,0,0,0,2,2,0,75,1 SPIDER
S-D,S14,100T,8/1,900,67,8/4,1600,3,72,60.6,2,2,0,0,0,4,4,0,80,1 SPIDER
S-E,S7,100T,8/1,900,67,8/4,1600,3,72,60.6,2,2,0,0,0,12,12,0,50,
S-E,S8,HERRING,8/1,900,67,8/4,1600,3,72,60.6,5,5,0,0,0,15,15,0,50,
S-F,S9,HERRING,8/1,900,67,8/4,1600,3,72,60.6,6,3,1,2,0,4,4,0,75,
S-F,S10,50:50:00,8/1,900,67,8/4,1600,3,72,60.6,3,3,0,0,0,1,1,0,50,
S-G,S3,HERRING,8/1,900,67,8/4,1600,3,72,60.6,1,0,0,0,1,6,6,0,75,
S-G,S4,50:50:00,8/1,900,67,8/4,1600,3,72,60.6,0,0,0,0,0,0,0,0,90,
S-H,S19,50:50:00,8/1,900,67,8/4,1600,3,72,60.6,1,1,0,0,0,4,4,0,25,
S-H,S20,HERRING,8/1,900,67,8/4,1600,3,72,60.6,4,4,0,0,0,14,14,0,50,
N-A,N9,HERRING,8/1,900,67,8/4,1600,3,72,60.6,8,7,1,0,0,11,11,0,50,
N-A,N5,50:50:00,8/1,900,67,8/4,1600,3,72,60.6,2,2,0,0,0,12,12,0,5,
S-I,S22,50:50:00,8/1,900,67,8/4,1600,3,72,60.6,2,2,0,0,0,0,0,0,90,
S-I,S21,HERRING,8/1,900,67,8/4,1600,3,72,60.6,7,5,1,1,0,0,0,0,10,
S-B,S17,100T,8/4,1600,60.6,8/8,730,4,96,53,1,1,0,0,0,0,0,0,90,
S-B,S18,HERRING,8/4,1600,60.6,8/8,730,4,96,53,7,7,0,0,0,3,3,0,50,
S-C,S11,HERRING,8/4,1600,60.6,8/8,730,4,96,53,14,11,1,2,0,4,4,0,50,
S-C,S12,NA,8/4,1600,60.6,8/8,730,4,96,53,3,2,1,0,0,0,0,0,0,
S-D,S13,50:50:00,8/4,1600,60.6,8/8,730,4,96,53,4,4,0,0,0,3,3,0,90,
S-D,S14,HERRING,8/4,1600,60.6,8/8,730,4,96,53,7,7,0,0,0,13,13,0,50,
S-E,S7,HERRING,8/4,1600,60.6,8/8,730,4,96,53,1,1,0,0,0,15,15,0,25,
S-E,S8,100T,8/4,1600,60.6,8/8,730,4,96,53,2,2,0,0,0,4,4,0,90,
S-F,S9,50:50:00,8/4,1600,60.6,8/8,730,4,96,53,2,2,0,0,0,0,0,0,50,
S-F,S10,HERRING,8/4,1600,60.6,8/8,730,4,96,53,4,2,0,0,2,1,1,0,75,
S-G,S3,50:50:00,8/4,1600,60.6,8/8,730,4,96,53,1,1,0,0,0,2,2,0,90,
S-G,S4,HERRING,8/4,1600,60.6,8/8,730,4,96,53,2,0,1,0,1,4,4,0,75,2 CUNNER
S-H,S19,HERRING,8/4,1600,60.6,8/8,730,4,96,53,2,2,0,0,0,12,12,0,10,
S-H,S20,100T,8/4,1600,60.6,8/8,730,4,96,53,1,1,0,0,0,7,7,0,90,
N-A,N9,100T,8/4,1600,60.6,8/8,730,4,96,53,2,2,0,0,0,8,8,0,90,
N-A,N5,HERRING,8/4,1600,60.6,8/8,730,4,96,53,5,5,0,0,0,9,9,0,5,
S-I,S22,HERRING,8/4,1600,60.6,8/8,730,4,96,53,8,6,0,2,0,1,1,0,50,
S-I,S21,50:50:00,8/4,1600,60.6,8/8,730,4,96,53,3,3,0,0,0,0,0,0,50,
S-J,S1,50:50:00,8/1,900,67,8/8,730,7,168,53,1,1,0,0,0,1,1,0,50,
S-J,S2,HERRING,8/1,900,67,8/8,730,7,168,53,3,2,1,0,0,1,1,0,25,
S-K,S5,NA,8/1,900,67,8/8,730,7,168,53,0,0,0,0,0,0,0,0,0,
S-K,S6,HERRING,8/1,900,67,8/8,730,7,168,53,2,2,0,0,0,1,1,0,10,
N-B,N0,50:50:00,8/1,900,67,8/8,730,7,168,53,2,2,0,0,0,4,4,0,90,
N-B,N1,HERRING,8/1,900,67,8/8,730,7,168,53,2,1,0,1,0,0,0,0,5,
N-C,N2,50:50:00,8/1,900,67,8/8,730,7,168,53,1,1,0,0,0,0,0,0,0,
N-C,N8,HERRING,8/1,900,67,8/8,730,7,168,53,7,5,1,1,0,0,0,0,75,
N-D,N6,HERRING,8/1,900,67,8/8,730,7,168,53,1,0,0,1,0,0,0,0,5,
N-D,N7,50:50:00,8/1,900,67,8/8,730,7,168,53,2,1,1,0,0,0,0,0,25,1 CUNNER
S-B,S17,HERRING,8/8,730,53,8/11,830,3,72,62,6,6,0,0,0,9,9,0,50,
S-B,S18,50:50:00,8/8,730,53,8/11,830,3,72,62,2,2,0,0,0,6,6,0,75,
S-C,S11,50:50:00,8/8,730,53,8/11,830,3,72,62,1,1,0,0,0,2,2,0,75,
S-C,S12,HERRING,8/8,730,53,8/11,830,3,72,62,8,5,2,1,0,3,3,0,50,
S-D,S13,HERRING,8/8,730,53,8/11,830,3,72,62,11,10,1,0,0,0,0,0,75,
S-D,S14,50:50:00,8/8,730,53,8/11,830,3,72,62,2,2,0,0,0,4,4,0,75,
S-E,S7,50:50:00,8/8,730,53,8/11,830,3,72,62,0,0,0,0,0,12,12,0,1,
S-E,S8,HERRING,8/8,730,53,8/11,830,3,72,62,6,6,0,0,0,8,8,0,10,
S-F,S9,HERRING,8/8,730,53,8/11,830,3,72,62,2,0,0,0,2,0,0,0,50,
S-F,S10,50:50:00,8/8,730,53,8/11,830,3,72,62,2,2,0,0,0,1,1,0,25,
S-G,S3,HERRING,8/8,730,53,8/11,830,3,72,62,2,1,1,0,0,1,1,0,50,
S-G,S4,50:50:00,8/8,730,53,8/11,830,3,72,62,1,1,0,0,0,1,1,0,90,
S-H,S19,50:50:00,8/8,730,53,8/11,830,3,72,62,2,2,0,0,0,12,12,0,50,
S-H,S20,HERRING,8/8,730,53,8/11,830,3,72,62,2,1,1,0,0,10,10,0,75,
N-A,N9,HERRING,8/8,730,53,8/11,830,3,72,62,6,3,2,0,1,8,8,0,25,
N-A,N5,50:50:00,8/8,730,53,8/11,830,3,72,62,4,4,0,0,0,16,16,0,0,
S-I,S22,50:50:00,8/8,730,53,8/11,830,3,72,62,2,1,0,0,1,0,0,0,90,
S-I,S21,HERRING,8/8,730,53,8/11,830,3,72,62,5,3,0,0,2,2,2,0,10,
S-J,S1,HERRING,8/8,730,53,8/11,830,3,72,62,3,1,2,0,0,1,1,0,25,
S-J,S2,50:50:00,8/8,730,53,8/11,830,3,72,62,2,2,0,0,0,1,1,0,25,
S-K,S5,HERRING,8/8,730,53,8/11,830,3,72,62,6,4,2,0,0,17,17,0,10,
S-K,S6,50:50:00,8/8,730,53,8/11,830,3,72,62,0,0,0,0,0,2,2,0,90,
N-B,N0,HERRING,8/8,730,53,8/11,830,3,72,62,6,4,2,0,0,2,2,0,75,
N-B,N1,50:50:00,8/8,730,53,8/11,830,3,72,62,1,1,0,0,0,0,0,0,50,
N-C,N2,HERRING,8/8,730,53,8/11,830,3,72,62,9,7,1,0,1,1,1,0,75,1 CUNNER
N-C,N8,50:50:00,8/8,730,53,8/11,830,3,72,62,3,3,0,0,0,0,0,0,90,
N-D,N6,50:50:00,8/8,730,53,8/11,830,3,72,62,1,1,0,0,0,0,0,0,80,
N-D,N7,HERRING,8/8,730,53,8/11,830,3,72,62,2,2,0,0,0,1,1,0,50,
S-B,S17,50:50:00,8/11,830,62,8/18,1530,7,168,67,1,1,0,0,0,7,7,0,10,
S-B,S18,HERRING,8/11,830,62,8/18,1530,7,168,67,5,5,0,0,0,1,1,0,0,
S-C,S11,HERRING,8/11,830,62,8/18,1530,7,168,67,13,7,5,1,0,1,1,0,5,
S-C,S12,50:50:00,8/11,830,62,8/18,1530,7,168,67,1,1,0,0,0,1,1,0,90,
S-D,S13,50:50:00,8/11,830,62,8/18,1530,7,168,67,4,3,1,0,0,0,0,0,50,
S-D,S14,HERRING,8/11,830,62,8/18,1530,7,168,67,5,2,3,0,0,1,1,0,10,
S-E,S7,HERRING,8/11,830,62,8/18,1530,7,168,67,3,1,2,0,0,1,1,0,0,
S-E,S8,50:50:00,8/11,830,62,8/18,1530,7,168,67,4,4,0,0,0,6,6,0,25,
S-F,S9,50:50:00,8/11,830,62,8/18,1530,7,168,67,3,2,1,0,0,8,8,0,10,
S-F,S10,HERRING,8/11,830,62,8/18,1530,7,168,67,2,0,0,1,1,2,2,0,25,
S-G,S3,50:50:00,8/11,830,62,8/18,1530,7,168,67,1,0,0,0,1,8,8,0,25,
S-G,S4,HERRING,8/11,830,62,8/18,1530,7,168,67,1,0,1,0,0,1,1,0,0,
S-H,S19,50:50:00,8/11,830,62,8/18,1530,7,168,67,4,2,1,0,1,7,7,0,50,
S-H,S20,HERRING,8/11,830,62,8/18,1530,7,168,67,3,1,2,0,0,1,1,0,0,
N-A,N9,HERRING,8/11,830,62,8/18,1530,7,168,67,4,2,2,0,0,7,7,0,0,1 SPIDER
N-A,N5,50:50:00,8/11,830,62,8/18,1530,7,168,67,4,3,1,0,0,6,6,0,25,
S-I,S22,HERRING,8/11,830,62,8/18,1530,7,168,67,3,1,1,1,0,1,1,0,5,
S-I,S21,50:50:00,8/11,830,62,8/18,1530,7,168,67,2,2,0,0,0,2,2,0,0,
S-J,S1,50:50:00,8/11,830,62,8/18,1530,7,168,67,2,1,0,0,1,0,0,0,0,
S-J,S2,HERRING,8/11,830,62,8/18,1530,7,168,67,0,0,0,0,0,0,0,0,5,1 CUNNER
S-K,S5,50:50:00,8/11,830,62,8/18,1530,7,168,67,1,0,0,0,1,0,0,0,10,
S-K,S6,HERRING,8/11,830,62,8/18,1530,7,168,67,2,1,0,0,1,0,0,0,0,
N-B,N0,50:50:00,8/11,830,62,8/18,1530,7,168,67,0,0,0,0,0,4,4,,25,
N-B,N1,HERRING,8/11,830,62,8/18,1530,7,168,67,3,0,3,0,0,1,1,0,0,
N-C,N2,50:50:00,8/11,830,62,8/18,1530,7,168,67,1,1,0,0,0,0,0,0,0,
N-C,N8,HERRING,8/11,830,62,8/18,1530,7,168,67,2,2,0,0,0,0,0,0,5,
N-D,N6,50:50:00,8/11,830,62,8/18,1530,7,168,67,4,4,0,0,0,3,3,0,25,
N-D,N7,HERRING,8/11,830,62,8/18,1530,7,168,67,5,4,1,0,0,10,10,0,0,
S-B,S17,HERRING,8/18,1530,67,8/26,1330,8,192,62,7,6,1,0,0,3,3,0,10,
S-B,S18,50:50:00,8/18,1530,67,8/26,1330,8,192,62,3,3,0,0,0,5,5,0,25,
S-C,S11,50:50:00,8/18,1530,67,8/26,1330,8,192,62,2,0,0,0,2,3,3,0,75,
S-C,S12,HERRING,8/18,1530,67,8/26,1330,8,192,62,6,4,2,0,0,0,0,0,0,
S-D,S13,HERRING,8/18,1530,67,8/26,1330,8,192,62,5,4,1,0,0,2,2,0,1,
S-D,S14,50:50:00,8/18,1530,67,8/26,1330,8,192,62,3,2,0,0,1,3,3,0,75,
S-E,S7,50:50:00,8/18,1530,67,8/26,1330,8,192,62,1,0,1,0,0,2,2,0,25,
S-E,S8,HERRING,8/18,1530,67,8/26,1330,8,192,62,4,4,0,0,0,2,2,0,5,
S-G,S3,HERRING,8/18,1530,67,8/26,1330,8,192,62,1,0,0,0,1,0,0,0,5,
S-G,S4,50:50:00,8/18,1530,67,8/26,1330,8,192,62,2,2,0,0,0,0,0,0,0,
S-H,S19,HERRING,8/18,1530,67,8/26,1330,8,192,62,4,3,1,0,0,3,3,0,1,
S-H,S20,50:50:00,8/18,1530,67,8/26,1330,8,192,62,2,0,2,0,0,0,0,0,50,
N-A,N9,50:50:00,8/18,1530,67,8/26,1330,8,192,62,3,3,0,0,0,2,2,0,75,
N-A,N5,HERRING,8/18,1530,67,8/26,1330,8,192,62,5,2,2,1,0,4,4,0,5,
S-I,S22,50:50:00,8/18,1530,67,8/26,1330,8,192,62,,,,,,,,,,
S-I,S21,HERRING,8/18,1530,67,8/26,1330,8,192,62,4,1,1,11,1,0,0,0,0,
S-J,S1,HERRING,8/18,1530,67,8/26,1330,8,192,62,0,0,0,0,0,0,0,0,5,1 CUNNER
S-J,S2,50:50:00,8/18,1530,67,8/26,1330,8,192,62,0,0,0,0,0,0,0,0,0,
S-K,S5,50:50:00,8/18,1530,67,8/26,1330,8,192,62,0,0,0,0,0,0,0,0,0,
S-K,S6,HERRING,8/18,1530,67,8/26,1330,8,192,62,4,2,1,0,1,1,1,0,0,
N-B,N0,HERRING,8/18,1530,67,8/26,1330,8,192,62,7,3,3,1,0,3,3,0,0,
N-B,N1,50:50:00,8/18,1530,67,8/26,1330,8,192,62,3,2,1,0,0,0,0,0,50,
N-C,N2,HERRING,8/18,1530,67,8/26,1330,8,192,62,4,3,1,0,0,1,1,0,0,
N-C,N8,50:50:00,8/18,1530,67,8/26,1330,8,192,62,0,0,0,0,0,1,1,0,25,1 CUNNER
N-D,N6,50:50:00,8/18,1530,67,8/26,1330,8,192,62,5,3,1,0,1,0,0,0,5,
N-D,N7,HERRING,8/18,1530,67,8/26,1330,8,192,62,5,3,2,0,0,1,1,0,1,
S-B,S17,100T,8/26,1330,62,9/1,1500,6,144,67,3,2,1,0,0,1,1,0,50,
S-B,S18,HERRING,8/26,1330,62,9/1,1500,6,144,67,5,5,0,0,0,8,8,0,25,
S-C,S11,HERRING,8/26,1330,62,9/1,1500,6,144,67,12,9,2,1,0,2,2,0,1,
S-C,S12,50:50:00,8/26,1330,62,9/1,1500,6,144,67,7,5,1,0,1,0,0,0,50,
S-D,S13,50:50:00,8/26,1330,62,9/1,1500,6,144,67,3,3,0,0,0,8,8,0,50,
S-D,S14,HERRING,8/26,1330,62,9/1,1500,6,144,67,7,7,0,0,0,8,8,0,10,
S-E,S7,HERRING,8/26,1330,62,9/1,1500,6,144,67,2,2,0,0,0,10,10,0,1,
S-E,S8,50:50:00,8/26,1330,62,9/1,1500,6,144,67,4,4,0,0,0,6,6,0,25,
S-F,S9,HERRING,8/18,1530,67,9/1,1500,14,336,67,2,1,1,0,0,0,0,0,0,
S-F,S10,50:50:00,8/18,1530,67,9/1,1500,14,336,67,5,1,4,0,0,4,4,0,10,
S-G,S3,100T,8/26,1330,62,9/1,1500,6,144,67,1,1,0,0,0,2,2,0,5,1 CUNNER
S-G,S4,HERRING,8/26,1330,62,9/1,1500,6,144,67,2,1,0,0,1,0,0,0,0,
S-H,S19,50:50:00,8/26,1330,62,9/1,1500,6,144,67,3,3,0,0,0,9,9,0,50,
S-H,S20,HERRING,8/26,1330,62,9/1,1500,6,144,67,5,3,2,0,0,2,2,0,5,
N-A,N9,HERRING,8/26,1330,62,9/1,1500,6,144,67,2,0,1,1,0,16,16,0,5,
N-A,N5,100T,8/26,1330,62,9/1,1500,6,144,67,2,1,0,0,1,12,12,0,25,
S-I,S22,STUCK,8/26,1330,62,9/1,1500,6,144,67,1,1,0,0,0,0,0,0,0,
S-I,S21,50:50:00,8/26,1330,62,9/1,1500,6,144,67,2,0,0,0,2,0,0,0,0,
S-J,S1,HERRING,8/26,1330,62,9/1,1500,6,144,67,3,0,1,0,2,0,0,0,0,
S-J,S2,50:50:00,8/26,1330,62,9/1,1500,6,144,67,3,2,0,0,1,0,0,0,0,
S-K,S5,50:50:00,8/26,1330,62,9/1,1500,6,144,67,,,,,,,,,,STUCK
S-K,S6,HERRING,8/26,1330,62,9/1,1500,6,144,67,4,0,3,0,1,0,0,0,0,
N-B,N0,50:50:00,8/26,1330,62,9/1,1500,6,144,67,1,0,1,0,0,0,0,0,0,1 SKATE
N-B,N1,HERRING,8/26,1330,62,9/1,1500,6,144,67,6,2,3,1,0,4,4,0,0,MARKED 1 JUMBO AS A V-NOTCH IN THE TALLIES
N-C,N2,50:50:00,8/26,1330,62,9/1,1500,6,144,67,0,0,0,0,0,0,0,0,0,1 CUNNER
N-C,N8,HERRING,8/26,1330,62,9/1,1500,6,144,67,7,4,3,0,0,0,0,0,25,
N-D,N6,HERRING,8/26,1330,62,9/1,1500,6,144,67,4,1,3,0,0,4,4,0,0,1 FLOUNDER
N-D,N7,50:50:00,8/26,1330,62,9/1,1500,6,144,67,1,1,0,0,0,3,3,0,0,1 CUNNER
S-B,S17,HERRING,9/1,1500,67,9/9,900,8,192,69,6,5,1,0,0,6,6,0,10,
S-B,S18,50:50:00,9/1,1500,67,9/9,900,8,192,69,5,5,0,0,0,4,4,0,50,
S-C,S11,50:50:00,9/1,1500,67,9/9,900,8,192,69,7,7,0,0,0,0,0,0,50,
S-C,S12,HERRING,9/1,1500,67,9/9,900,8,192,69,5,5,0,0,0,0,0,0,0,
S-D,S13,HERRING,9/1,1500,67,9/9,900,8,192,69,6,5,1,0,0,0,0,0,5,
S-D,S14,50:50:00,9/1,1500,67,9/9,900,8,192,69,5,4,0,0,1,2,2,0,90,1 BSB
S-E,S7,50:50:00,9/1,1500,67,9/9,900,8,192,69,,,,,,,,,,
S-E,S8,HERRING,9/1,1500,67,9/9,900,8,192,69,,,,,,,,,,
S-F,S9,50:50:00,9/1,1500,67,9/9,900,8,192,69,5,1,1,0,3,4,4,0,0,
S-F,S10,HERRING,9/1,1500,67,9/9,900,8,192,69,4,0,2,1,1,0,0,0,0,
S-G,S3,HERRING,9/1,1500,67,9/9,900,8,192,69,1,0,1,0,0,0,0,0,0,
S-G,S4,50:50:00,9/1,1500,67,9/9,900,8,192,69,3,2,1,0,0,0,0,0,0,
S-H,S19,HERRING,9/1,1500,67,9/9,900,8,192,69,6,2,2,0,2,3,1,2,10,
S-H,S20,50:50:00,9/1,1500,67,9/9,900,8,192,69,4,3,1,0,0,1,1,0,25,
N-A,N9,50:50:00,9/1,1500,67,9/9,900,8,192,69,1,1,0,0,0,1,1,0,25,
N-A,N5,HERRING,9/1,1500,67,9/9,900,8,192,69,7,1,6,0,0,1,1,0,1,
S-I,S22,HERRING,9/1,1500,67,9/9,900,8,192,69,3,1,2,0,0,0,0,0,0,3 STARS
S-I,S21,50:50:00,9/1,1500,67,9/9,900,8,192,69,7,4,2,0,1,2,2,0,0,
S-J,S1,50:50:00,9/1,1500,67,9/9,900,8,192,69,1,1,0,0,0,0,0,0,0,1 CUNNER
S-J,S2,HERRING,9/1,1500,67,9/9,900,8,192,69,3,1,1,0,1,0,0,0,0,1 STAR
S-K,S5,STUCK,9/1,1500,67,9/9,900,8,192,69,2,1,1,0,0,0,0,0,25,
S-K,S6,50:50:00,9/1,1500,67,9/9,900,8,192,69,3,0,3,0,0,2,2,0,10,
N-B,N0,50:50:00,9/1,1500,67,9/9,900,8,192,69,,,,,,,,,,STUCK
N-B,N1,HERRING,9/1,1500,67,9/9,900,8,192,69,6,1,4,1,0,3,3,0,0,
N-C,N2,HERRING,9/1,1500,67,9/9,900,8,192,69,1,0,1,0,0,0,0,0,0,
N-C,N8,50:50:00,9/1,1500,67,9/9,900,8,192,69,1,1,0,0,0,0,0,0,90,
N-D,N6,50:50:00,9/1,1500,67,9/9,900,8,192,69,1,1,0,0,0,2,2,0,NA,BAIT BAG MISSING
N-D,N7,HERRING,9/1,1500,67,9/9,900,8,192,69,1,1,0,0,0,3,3,0,0,
S-B,S17,50:50:00,9/9,900,69,9/13,1200,4,96,71,3,3,0,0,0,1,1,0,75,
S-B,S18,HERRING,9/9,900,69,9/13,1200,4,96,71,8,7,0,0,1,1,1,0,10,
S-C,S11,HERRING,9/9,900,69,9/13,1200,4,96,71,9,8,1,0,0,2,2,0,5,
S-C,S12,50:50:00,9/9,900,69,9/13,1200,4,96,71,5,3,1,1,0,0,0,0,90,
S-D,S13,50:50:00,9/9,900,69,9/13,1200,4,96,71,1,1,0,0,0,5,5,0,75,
S-D,S14,HERRING,9/9,900,69,9/13,1200,4,96,71,8,7,1,0,0,2,2,0,10,
S-E,S7,50:50:00,9/1,1500,67,9/13,1200,12,288,71,1,0,1,0,0,1,1,0,90,
S-E,S8,HERRING,9/1,1500,67,9/13,1200,12,288,71,5,1,3,1,0,5,5,0,0,
S-F,S9,HERRING,9/9,900,69,9/13,1200,4,96,71,6,3,2,1,0,2,2,0,0,
S-F,S10,50:50:00,9/9,900,69,9/13,1200,4,96,71,3,0,3,0,0,2,2,0,0,
S-G,S3,HERRING,9/9,900,69,9/13,1200,4,96,71,4,1,3,0,0,0,0,0,0,
S-G,S4,50:50:00,9/9,900,69,9/13,1200,4,96,71,1,1,0,0,0,0,0,0,0,
S-H,S19,50:50:00,9/9,900,69,9/13,1200,4,96,71,9,9,0,0,0,0,0,0,75,
S-H,S20,HERRING,9/9,900,69,9/13,1200,4,96,71,8,4,4,0,0,1,1,0,25,
N-A,N9,HERRING,9/9,900,69,9/13,1200,4,96,71,6,2,2,0,1,3,3,0,25,
N-A,N5,50:50:00,9/9,900,69,9/13,1200,4,96,71,6,5,0,1,0,0,0,0,75,
S-I,S22,50:50:00,9/9,900,69,9/13,1200,4,96,71,3,3,0,0,0,0,0,0,10,
S-I,S21,HERRING,9/9,900,69,9/13,1200,4,96,71,6,2,4,0,0,0,0,0,0,
S-J,S1,50:50:00,9/9,900,69,9/13,1200,4,96,71,0,0,0,0,0,0,0,0,0,
S-J,S2,HERRING,9/9,900,69,9/13,1200,4,96,71,2,0,1,0,1,0,0,0,5,
S-K,S5,HERRING,9/9,900,69,9/13,1200,4,96,71,4,1,2,0,1,0,0,0,5,
S-K,S6,HERRING,9/9,900,69,9/13,1200,4,96,71,1,0,1,0,0,0,0,0,5,
N-B,N0,NA,9/9,900,69,9/13,1200,4,96,71,,,,,,,,,,STUCK
N-B,N1,50:50:00,9/9,900,69,9/13,1200,4,96,71,7,3,2,1,1,2,2,0,10,
N-C,N2,50:50:00,9/9,900,69,9/13,1200,4,96,71,2,2,0,0,0,0,0,0,0,
N-C,N8,HERRING,9/9,900,69,9/13,1200,4,96,71,8,5,3,0,0,0,0,0,5,
N-D,N6,50:50:00,9/9,900,69,9/13,1200,4,96,71,10,7,1,1,1,1,1,0,50,
N-D,N7,HERRING,9/9,900,69,9/13,1200,4,96,71,4,3,0,0,1,0,0,0,5,